temperature_c,residence_time_min,y_observed,y_true,best_true,best_observed,acquisition,evaluation
137.18630666744167,5.513930995152123,53.176776200085655,53.175300016056674,53.175300016056674,53.176776200085655,ei,1
197.80392887193508,18.873964050047043,52.71668623346841,52.35819158845825,53.175300016056674,53.176776200085655,ei,2
153.7479214386097,40.63223277301869,54.714905243068394,55.04387066950306,55.04387066950306,54.714905243068394,ei,3
182.4341836929303,25.89385790808617,87.20453370955386,88.27324391606258,88.27324391606258,87.20453370955386,ei,4
185.0366321405994,32.6603252357814,80.3447339149797,80.89033885718577,88.27324391606258,87.20453370955386,ei,5
216.21209466475858,38.607871939496135,47.302564455394894,48.49254032139065,88.27324391606258,87.20453370955386,ei,6
129.31413015432344,12.774618470586766,53.343033332323834,53.27086100920691,88.27324391606258,87.20453370955386,ei,7
163.6931467630256,22.232513239627536,68.8368593866112,67.22860109194575,88.27324391606258,87.20453370955386,ei,8
179.26009630784392,25.92058029025793,91.37851832223656,91.96916614449816,91.96916614449816,91.37851832223656,ei,9
179.11189140751958,27.9692605137825,96.04507626719722,96.78964614698114,96.78964614698114,96.04507626719722,ei,10
175.9339259751141,5.022846236824989,51.51708313415648,50.92927267393424,96.78964614698114,96.04507626719722,ei,11
133.0901651456952,28.47676709294319,53.74092843344686,53.31266402365479,96.78964614698114,96.04507626719722,ei,12
176.5839190967381,31.957710534334183,90.27657224226084,90.15007514346337,96.78964614698114,96.04507626719722,ei,13
177.6385567896068,35.2513387426734,74.39989659631135,75.51645824996119,96.78964614698114,96.04507626719722,ei,14
175.3680246695876,25.28174016624689,90.14791972509515,90.18302191205107,96.78964614698114,96.04507626719722,ei,15
175.12554133310914,25.75230121612549,92.72262719678177,91.88826336343183,96.78964614698114,96.04507626719722,ei,16
178.42348001897335,22.524354830384254,74.97130529997432,76.58436275671642,96.78964614698114,96.04507626719722,ei,17
172.06416649743915,33.31638351082802,80.94317460837824,81.4923135216265,96.78964614698114,96.04507626719722,ei,18
181.83491069823503,43.559631146490574,52.89683840549714,55.17830569325815,96.78964614698114,96.04507626719722,ei,19
173.10396198183298,28.015530221164227,93.65748718022378,95.20493246796575,96.78964614698114,96.04507626719722,ei,20
171.3168997131288,28.254514075815678,90.67635696462102,92.8864390099711,96.78964614698114,96.04507626719722,ei,21
184.70323791727424,28.603772185742855,88.78964592811413,89.07175528540374,96.78964614698114,96.04507626719722,ei,22
199.32282136753201,28.25521484017372,57.82675014669724,59.34768592442969,96.78964614698114,96.04507626719722,ei,23
172.16189995408058,28.24226427823305,94.44887452816398,94.12335729757794,96.78964614698114,96.04507626719722,ei,24
170.47883791849017,28.122368939220905,91.66229522231124,91.47419391836218,96.78964614698114,96.04507626719722,ei,25
168.3763354830444,28.44286549836397,87.43164925292204,87.65596638647798,96.78964614698114,96.04507626719722,ei,26
166.17458824068308,28.737763687968254,80.1235850682475,83.1436967212321,96.78964614698114,96.04507626719722,ei,27
218.3596141450107,5.140466168522835,47.05814088379113,47.7045723588071,96.78964614698114,96.04507626719722,ei,28
120.93307979404926,44.48360875248909,51.43551344267698,51.493714577158265,96.78964614698114,96.04507626719722,ei,29
171.5142914839089,22.93450318276882,77.43681893237284,77.30084814916887,96.78964614698114,96.04507626719722,ei,30
163.14755778759718,30.150923654437065,74.20318563973746,76.03934855834393,96.78964614698114,96.04507626719722,ei,31
219.47850639000535,27.824290543794632,51.24699131143281,51.820295242673524,96.78964614698114,96.04507626719722,ei,32
175.36646824330091,18.736843019723892,59.94771936647169,61.121942260139654,96.78964614698114,96.04507626719722,ei,33
178.27204110100865,29.55560639500618,95.85803551270504,96.82864020001577,96.82864020001577,96.04507626719722,ei,34
179.63313933461905,30.11913400143385,96.37370221390412,95.10062386584083,96.82864020001577,96.37370221390412,ei,35
178.49355114623904,30.119091384112835,94.78405908231075,95.75310069270903,96.82864020001577,96.37370221390412,ei,36
178.99494672194123,30.066007114946842,95.58434015715316,95.62336620308778,96.82864020001577,96.37370221390412,ei,37
179.2013875953853,30.556338354945183,95.43013777494812,94.36886993408831,96.82864020001577,96.37370221390412,ei,38
178.07932680472732,30.41658155620098,94.5032915971146,95.20361211640656,96.82864020001577,96.37370221390412,ei,39
178.4758646786213,30.422590635716915,94.9268431701379,95.0608855096389,96.82864020001577,96.37370221390412,ei,40
178.10798751190305,31.231756061315536,92.93056773687542,92.79801076497604,96.82864020001577,96.37370221390412,ei,41
177.80581384897232,30.976033434271812,93.76318127209296,93.6866431429869,96.82864020001577,96.37370221390412,ei,42
173.23540000244975,31.4613925665617,88.50539371690095,89.97546070860218,96.82864020001577,96.37370221390412,ei,43
181.60806668922305,30.176089070737362,93.0645580535418,92.97318977708939,96.82864020001577,96.37370221390412,ei,44
181.3318202085793,29.861834682524204,95.51376864835275,93.8831805422629,96.82864020001577,96.37370221390412,ei,45
181.667709518224,29.679590314626694,91.86257178621473,93.71914539996891,96.82864020001577,96.37370221390412,ei,46
174.4480448588729,31.1813460662961,93.02275344352606,91.99149421790014,96.82864020001577,96.37370221390412,ei,47
181.90408021211624,29.831357151269913,93.32114612276598,93.17792129193009,96.82864020001577,96.37370221390412,ei,48
172.7025737799704,30.78584134578705,90.73726458678199,91.50702905971066,96.82864020001577,96.37370221390412,ei,49
120.08687982335687,5.247253328561783,53.24966687261253,50.84916701700162,96.82864020001577,96.37370221390412,ei,50
182.45499849319458,30.467091165482998,92.12019886186924,91.20548720736758,96.82864020001577,96.37370221390412,ei,51
219.22429602593184,44.82742879539728,47.14992790604094,48.589074588567215,96.82864020001577,96.37370221390412,ei,52
171.86977963894606,31.22007992118597,89.27623651836134,89.18681704383559,96.82864020001577,96.37370221390412,ei,53
181.53957825154066,28.97525291889906,95.21807976591563,94.52605226551141,96.82864020001577,96.37370221390412,ei,54
181.70919686555862,28.99970669299364,94.05498245706276,94.28152100748366,96.82864020001577,96.37370221390412,ei,55
179.68042956665158,28.63401621580124,97.47221454590772,96.65272222527346,96.82864020001577,97.47221454590772,ei,56
169.20449825003743,30.934791564941406,85.85899522358332,85.93881600776263,96.82864020001577,97.47221454590772,ei,57
184.90692431107163,31.497043259441853,85.44208867394181,84.64139160094062,96.82864020001577,97.47221454590772,ei,58
120.27547562494874,26.838491149246693,53.89011605796035,52.163888947972964,96.82864020001577,97.47221454590772,ei,59
177.8750961460173,33.79541598260403,81.32517814295548,82.13597284416227,96.82864020001577,97.47221454590772,ei,60
203.4128465424305,20.063615783310375,50.35782937206394,52.443749050260195,52.443749050260195,50.35782937206394,ucb,1
153.51611451893103,6.057255320899856,48.07559277044383,49.67956412226119,52.443749050260195,50.35782937206394,ucb,2
184.1262936037973,28.04457596730403,88.31487701168676,89.94820506196474,89.94820506196474,88.31487701168676,ucb,3
139.526476585965,33.13625548455323,56.85374139003163,57.27568194756572,89.94820506196474,88.31487701168676,ucb,4
181.16308004409032,12.605172729186416,49.33872390937423,52.113821805010275,89.94820506196474,88.31487701168676,ucb,5
166.98309818644148,38.71427375724436,59.36099260687056,59.58766924217209,89.94820506196474,88.31487701168676,ucb,6
217.6908555395698,44.030677255478444,47.3649586553767,48.51363372909231,89.94820506196474,88.31487701168676,ucb,7
122.32715412306224,17.885079059278866,52.36786147739791,51.295541255481936,89.94820506196474,88.31487701168676,ucb,8
184.1223542392254,41.63102090358734,58.56594220541897,57.41772552032389,89.94820506196474,88.31487701168676,ucb,9
184.13799915462732,26.23019054532051,88.10750647364962,86.43679659868272,89.94820506196474,88.31487701168676,ucb,10
184.00951333343983,25.439028330147266,85.00864777924888,84.08768364353523,89.94820506196474,88.31487701168676,ucb,11
184.11156235262752,26.284051090478897,86.57772251855181,86.64135825306053,89.94820506196474,88.31487701168676,ucb,12
184.2414290457964,27.277785651385784,89.73821220020471,88.70645941347202,89.94820506196474,89.73821220020471,ucb,13
184.20135935768485,25.660083144903183,86.32586893454476,84.51929154688415,89.94820506196474,89.73821220020471,ucb,14
184.75073201581836,26.52027454227209,85.25836019890681,86.04267363900728,89.94820506196474,89.73821220020471,ucb,15
182.17688601464033,27.487716004252434,93.454017754926,92.72159637992978,92.72159637992978,93.454017754926,ucb,16
219.9163655564189,28.068425059318542,51.61898882230124,51.67019741555426,92.72159637992978,93.454017754926,ucb,17
181.35372100397944,28.69942281395197,96.57187999679282,94.84385992629453,94.84385992629453,96.57187999679282,ucb,18
178.03428050130606,28.724369779229164,96.57816349586263,97.58243751997884,97.58243751997884,96.57816349586263,ucb,19
174.5371719636023,28.338317722082138,96.3720315606216,96.73388749210022,97.58243751997884,96.57816349586263,ucb,20
170.85318284109235,27.959178425371647,92.44566063786579,92.01085432606246,97.58243751997884,96.57816349586263,ucb,21
168.50805336609483,27.50836990773678,87.73405103274114,87.42431871231594,97.58243751997884,96.57816349586263,ucb,22
174.69856578856707,30.242651514708996,92.85731581767317,94.82465337261034,97.58243751997884,96.57816349586263,ucb,23
165.19402319565415,26.337969079613686,79.72010594832324,79.28791966963837,97.58243751997884,96.57816349586263,ucb,24
180.30456935986876,30.97152527421713,92.26876229199,92.41095953141037,97.58243751997884,96.57816349586263,ucb,25
180.78146379441023,30.958677046000957,91.71912484797977,92.00682226702165,97.58243751997884,96.57816349586263,ucb,26
185.0093885138631,31.372283212840557,84.60594668425908,84.79230867866183,97.58243751997884,96.57816349586263,ucb,27
120.93307979404926,44.48360875248909,51.75648062325213,51.493714577158265,97.58243751997884,96.57816349586263,ucb,28
168.28192051500082,29.52031634747982,84.6827830145337,86.86245780827926,97.58243751997884,96.57816349586263,ucb,29
161.8994139879942,27.032104916870594,75.79994318316993,73.93698330157369,97.58243751997884,96.57816349586263,ucb,30
219.85432447865605,5.0112807005643845,46.64299548531889,47.676725493265174,97.58243751997884,96.57816349586263,ucb,31
120.89203026145697,27.573826797306538,49.534257205825085,52.22389863564983,97.58243751997884,96.57816349586263,ucb,32
185.12994775548577,31.363641284406185,84.49990377322439,84.5982731658262,97.58243751997884,96.57816349586263,ucb,33
177.53511236980557,30.84685668349266,95.86429282756762,94.11531632653832,97.58243751997884,96.57816349586263,ucb,34
177.7609060332179,31.0415955260396,92.8645407575432,93.48686192286708,97.58243751997884,96.57816349586263,ucb,35
177.78015768155456,31.3178251683712,94.42889481428816,92.56736406920136,97.58243751997884,96.57816349586263,ucb,36
176.43367683514953,31.38900738209486,94.12719123284081,92.25886083160653,97.58243751997884,96.57816349586263,ucb,37
181.98842534795403,31.88910972326994,86.66963679463129,87.70491509516494,97.58243751997884,96.57816349586263,ucb,38
172.70726149901748,29.92131222039461,90.57447030563439,93.53261528396722,97.58243751997884,96.57816349586263,ucb,39
172.2904584184289,27.287856973707676,91.90626486581138,93.3884841739808,97.58243751997884,96.57816349586263,ucb,40
173.79260620102286,30.66414464265108,94.42661535139626,93.0016966843311,97.58243751997884,96.57816349586263,ucb,41
172.79891770333052,27.130850590765476,92.77182028874658,93.75194689709167,97.58243751997884,96.57816349586263,ucb,42
174.33482099324465,30.695880353450775,91.57296349434776,93.38577648264841,97.58243751997884,96.57816349586263,ucb,43
172.65952022746205,26.390814743936062,90.31918198655575,91.92441559542048,97.58243751997884,96.57816349586263,ucb,44
173.55547815561295,30.69383755326271,92.69103298655172,92.69081681348736,97.58243751997884,96.57816349586263,ucb,45
173.28055545687675,26.735051833093166,93.42775952701591,93.45908970749095,97.58243751997884,96.57816349586263,ucb,46
173.81648382171988,31.03086695075035,92.99512167209835,91.94866777420668,97.58243751997884,96.57816349586263,ucb,47
172.40739285945892,26.641963683068752,93.4479623939443,92.26110242938404,97.58243751997884,96.57816349586263,ucb,48
173.1413863413036,26.366487108170986,91.25878264641506,92.37748147340994,97.58243751997884,96.57816349586263,ucb,49
173.14440475776792,30.51789790391922,92.53957972811332,92.72769016657337,97.58243751997884,96.57816349586263,ucb,50
173.7755038589239,30.811934359371662,91.20811496168795,92.56883653756591,97.58243751997884,96.57816349586263,ucb,51
172.2890506312251,26.845246627926826,92.65597233909742,92.56970353262335,97.58243751997884,96.57816349586263,ucb,52
180.3145088069141,30.630697160959244,91.96723106091609,93.34796044728976,97.58243751997884,96.57816349586263,ucb,53
172.12246738374233,26.682480052113533,90.55872088051525,91.99902274705848,97.58243751997884,96.57816349586263,ucb,54
180.92858258634806,30.252288468182087,96.1754702623615,93.62736394161834,97.58243751997884,96.57816349586263,ucb,55
180.35424768924713,30.58820813894272,93.46011104441926,93.42124437830864,97.58243751997884,96.57816349586263,ucb,56
181.99776511639357,30.58751840144396,92.34079893461076,91.56898459976635,97.58243751997884,96.57816349586263,ucb,57
172.3539704270661,30.071254037320614,95.84089159376755,92.79517353938414,97.58243751997884,96.57816349586263,ucb,58
171.96848595514894,30.189282558858395,92.97851673006706,92.03551014163838,97.58243751997884,96.57816349586263,ucb,59
172.15158239006996,30.39521750062704,91.68601479390294,91.82298591622136,97.58243751997884,96.57816349586263,ucb,60
