temperature_c,residence_time_min,y_observed,y_true,best_true,best_observed,evaluation
120.0,5.0,51.87050736167481,50.8113642051068,50.8113642051068,51.87050736167481,1
120.0,6.666666666666667,51.291296330050955,50.902191786897156,50.902191786897156,51.87050736167481,2
120.0,8.333333333333334,51.580368512881456,50.98981934341603,50.98981934341603,51.87050736167481,3
120.0,10.0,50.885124691060156,51.08761927356655,51.08761927356655,51.87050736167481,4
120.0,11.666666666666668,52.34957464835997,51.200543997330776,51.200543997330776,52.34957464835997,5
120.0,13.333333333333334,49.48567711443015,51.31537261477474,51.31537261477474,52.34957464835997,6
120.0,15.0,52.76622023291118,51.410415331343096,51.410415331343096,52.76622023291118,7
120.0,16.666666666666668,51.12006036208178,51.46305377795302,51.46305377795302,52.76622023291118,8
120.0,18.333333333333336,51.26920976631064,51.48961711657068,51.48961711657068,52.76622023291118,9
120.0,20.0,50.259036683218895,51.53400021747309,51.53400021747309,52.76622023291118,10
120.0,21.666666666666668,49.67462298766154,51.630265325944876,51.630265325944876,52.76622023291118,11
120.0,23.333333333333336,51.224709576259464,51.782100427683794,51.782100427683794,52.76622023291118,12
120.0,25.0,52.81800167528773,51.97038874837566,51.97038874837566,52.81800167528773,13
120.0,26.666666666666668,52.51705722729626,52.168685605411675,52.168685605411675,52.81800167528773,14
120.0,28.333333333333336,53.375332234495154,52.35143661237672,52.35143661237672,53.375332234495154,15
120.0,30.0,52.21705654650405,52.49614293731146,52.49614293731146,53.375332234495154,16
120.0,31.666666666666668,52.82576725385752,52.58476977455727,52.58476977455727,53.375332234495154,17
120.0,33.333333333333336,52.42488733564211,52.60594839764156,52.60594839764156,53.375332234495154,18
120.0,35.0,51.26200203156635,52.55691112071129,52.60594839764156,53.375332234495154,19
120.0,36.66666666666667,52.31915994619092,52.4439842868673,52.60594839764156,53.375332234495154,20
120.0,38.333333333333336,51.72531797239387,52.279453535542196,52.60594839764156,53.375332234495154,21
120.0,40.0,52.98780169679,52.057324483504395,52.60594839764156,53.375332234495154,22
120.0,41.66666666666667,51.52413093482298,51.789750873343266,52.60594839764156,53.375332234495154,23
120.0,43.333333333333336,51.430157860029,51.494791401843806,52.60594839764156,53.375332234495154,24
120.0,45.0,51.8124961575587,51.185976993743026,52.60594839764156,53.375332234495154,25
124.16666666666667,5.0,52.99083071613822,51.90714788811792,52.60594839764156,53.375332234495154,26
124.16666666666667,6.666666666666667,51.80849799640142,51.9652286683937,52.60594839764156,53.375332234495154,27
124.16666666666667,8.333333333333334,51.77807958032071,51.95537023777421,52.60594839764156,53.375332234495154,28
124.16666666666667,10.0,52.11062099167579,51.92594483538704,52.60594839764156,53.375332234495154,29
124.16666666666667,11.666666666666668,53.101748150694945,51.90688538471092,52.60594839764156,53.375332234495154,30
124.16666666666667,13.333333333333334,50.744020676787734,51.87049631621648,52.60594839764156,53.375332234495154,31
124.16666666666667,15.0,50.418540806819934,51.74728212306131,52.60594839764156,53.375332234495154,32
124.16666666666667,16.666666666666668,54.940159342816784,51.49105296460981,52.60594839764156,54.940159342816784,33
124.16666666666667,18.333333333333336,50.982292629124174,51.168501902825966,52.60594839764156,54.940159342816784,34
124.16666666666667,20.0,51.03220668205086,50.923897784502756,52.60594839764156,54.940159342816784,35
124.16666666666667,21.666666666666668,48.38316733546803,50.87152015530005,52.60594839764156,54.940159342816784,36
124.16666666666667,23.333333333333336,50.487581710310465,51.03713104029286,52.60594839764156,54.940159342816784,37
124.16666666666667,25.0,51.19390247001883,51.380337565399266,52.60594839764156,54.940159342816784,38
124.16666666666667,26.666666666666668,51.10980529144685,51.83891411410052,52.60594839764156,54.940159342816784,39
124.16666666666667,28.333333333333336,51.812539313318645,52.350926659273,52.60594839764156,54.940159342816784,40
124.16666666666667,30.0,52.61651250100213,52.85822242053613,52.85822242053613,54.940159342816784,41
124.16666666666667,31.666666666666668,53.657573707236715,53.307234371093344,53.307234371093344,54.940159342816784,42
124.16666666666667,33.333333333333336,54.727664858416226,53.65268075978341,53.65268075978341,54.940159342816784,43
124.16666666666667,35.0,52.35365138527856,53.862270686502676,53.862270686502676,54.940159342816784,44
124.16666666666667,36.66666666666667,52.371979087889116,53.919801317205575,53.919801317205575,54.940159342816784,45
124.16666666666667,38.333333333333336,54.43277414872093,53.82372258083021,53.919801317205575,54.940159342816784,46
124.16666666666667,40.0,53.739066772097324,53.563521393178284,53.919801317205575,54.940159342816784,47
124.16666666666667,41.66666666666667,52.10731381969467,53.155830006167164,53.919801317205575,54.940159342816784,48
124.16666666666667,43.333333333333336,50.945421664093054,52.63118079186281,53.919801317205575,54.940159342816784,49
124.16666666666667,45.0,51.04472118431594,52.0221530657791,53.919801317205575,54.940159342816784,50
128.33333333333334,5.0,52.73428785443909,52.77153415118284,53.919801317205575,54.940159342816784,51
128.33333333333334,6.666666666666667,53.51189332477355,52.82534501509702,53.919801317205575,54.940159342816784,52
128.33333333333334,8.333333333333334,53.957982139872954,52.79953823245496,53.919801317205575,54.940159342816784,53
128.33333333333334,10.0,53.62734542919175,52.799842919187824,53.919801317205575,54.940159342816784,54
128.33333333333334,11.666666666666668,51.64417136127499,52.88141556392808,53.919801317205575,54.940159342816784,55
128.33333333333334,13.333333333333334,54.99851771256586,52.9483055962561,53.919801317205575,54.99851771256586,56
128.33333333333334,15.0,53.567850006629556,52.78578406033991,53.919801317205575,54.99851771256586,57
128.33333333333334,16.666666666666668,52.0779704104035,52.25398252210231,53.919801317205575,54.99851771256586,58
128.33333333333334,18.333333333333336,51.256937468417526,51.489186745076985,53.919801317205575,54.99851771256586,59
128.33333333333334,20.0,51.87393501109411,50.820536818540084,53.919801317205575,54.99851771256586,60
128.33333333333334,21.666666666666668,49.97603551031113,50.51375433276668,53.919801317205575,54.99851771256586,61
128.33333333333334,23.333333333333336,50.21138533220574,50.63280745850243,53.919801317205575,54.99851771256586,62
128.33333333333334,25.0,51.17870840004924,51.09566683732963,53.919801317205575,54.99851771256586,63
128.33333333333334,26.666666666666668,53.44717971663967,51.781005226789006,53.919801317205575,54.99851771256586,64
128.33333333333334,28.333333333333336,50.83945695950726,52.57874205595071,53.919801317205575,54.99851771256586,65
128.33333333333334,30.0,54.5327649849846,53.393241092162924,53.919801317205575,54.99851771256586,66
128.33333333333334,31.666666666666668,51.624282546319805,54.13858493754405,54.13858493754405,54.99851771256586,67
128.33333333333334,33.333333333333336,53.61075460564943,54.74081701510891,54.74081701510891,54.99851771256586,68
128.33333333333334,35.0,55.28537858194091,55.14412020311011,55.14412020311011,55.28537858194091,69
128.33333333333334,36.66666666666667,56.42636832316975,55.31578190750648,55.31578190750648,56.42636832316975,70
128.33333333333334,38.333333333333336,53.64949961591338,55.24581063463732,55.31578190750648,56.42636832316975,71
128.33333333333334,40.0,56.019636594479934,54.9233237279268,55.31578190750648,56.42636832316975,72
128.33333333333334,41.66666666666667,55.73434160194535,54.371813965512075,55.31578190750648,56.42636832316975,73
128.33333333333334,43.333333333333336,53.042205468226975,53.634566881747695,55.31578190750648,56.42636832316975,74
128.33333333333334,45.0,52.35524880411428,52.7613023592679,55.31578190750648,56.42636832316975,75
132.5,5.0,52.94116999187208,53.221024174575355,55.31578190750648,56.42636832316975,76
132.5,6.666666666666667,50.99221731338323,53.31414556595422,55.31578190750648,56.42636832316975,77
132.5,8.333333333333334,56.26411264011096,53.397501941172024,55.31578190750648,56.42636832316975,78
132.5,10.0,54.23190635905653,53.663999133424184,55.31578190750648,56.42636832316975,79
132.5,11.666666666666668,52.58793782934233,54.19251299919047,55.31578190750648,56.42636832316975,80
132.5,13.333333333333334,55.388422713042864,54.74191656470071,55.31578190750648,56.42636832316975,81
132.5,15.0,55.33870780095497,54.81450384904279,55.31578190750648,56.42636832316975,82
132.5,16.666666666666668,53.84016200825433,54.0768146756725,55.31578190750648,56.42636832316975,83
132.5,18.333333333333336,52.90332201910658,52.75889496943966,55.31578190750648,56.42636832316975,84
132.5,20.0,52.595594233825175,51.4898705507705,55.31578190750648,56.42636832316975,85
132.5,21.666666666666668,50.18731178416529,50.784259749219956,55.31578190750648,56.42636832316975,86
132.5,23.333333333333336,49.608472838535555,50.765996608000776,55.31578190750648,56.42636832316975,87
132.5,25.0,53.34850750449595,51.283471773443814,55.31578190750648,56.42636832316975,88
132.5,26.666666666666668,52.58858503670365,52.12513798557297,55.31578190750648,56.42636832316975,89
132.5,28.333333333333336,52.62255588961216,53.11853934007752,55.31578190750648,56.42636832316975,90
132.5,30.0,56.061092053424964,54.130796644394195,55.31578190750648,56.42636832316975,91
132.5,31.666666666666668,52.37689991016487,55.05121969907287,55.31578190750648,56.42636832316975,92
132.5,33.333333333333336,54.45539367427199,55.78760656974494,55.78760656974494,56.42636832316975,93
132.5,35.0,57.02361480903795,56.2716997537825,56.2716997537825,57.02361480903795,94
132.5,36.66666666666667,56.70581903504969,56.46468185096649,56.46468185096649,57.02361480903795,95
132.5,38.333333333333336,56.69569685736465,56.35676979777943,56.46468185096649,57.02361480903795,96
132.5,40.0,55.273705777006924,55.942718201764514,56.46468185096649,57.02361480903795,97
132.5,41.66666666666667,54.46217852095148,55.25560478019664,56.46468185096649,57.02361480903795,98
132.5,43.333333333333336,53.670652253256875,54.35058971615216,56.46468185096649,57.02361480903795,99
132.5,45.0,52.82655427714069,53.290096550024906,56.46468185096649,57.02361480903795,100
136.66666666666666,5.0,53.9377432033355,53.161075974123506,56.46468185096649,57.02361480903795,101
136.66666666666666,6.666666666666667,54.52178738197665,53.33821797541376,56.46468185096649,57.02361480903795,102
136.66666666666666,8.333333333333334,54.32476746164346,53.659383898248535,56.46468185096649,57.02361480903795,103
136.66666666666666,10.0,56.07454582799929,54.42905398485393,56.46468185096649,57.02361480903795,104
136.66666666666666,11.666666666666668,53.68912661942092,55.745828059000594,56.46468185096649,57.02361480903795,105
136.66666666666666,13.333333333333334,56.9527485369325,57.15265573586862,57.15265573586862,57.02361480903795,106
136.66666666666666,15.0,56.4569604386204,57.744466010519815,57.744466010519815,57.02361480903795,107
136.66666666666666,16.666666666666668,58.97810797702055,56.9029338245841,57.744466010519815,58.97810797702055,108
136.66666666666666,18.333333333333336,54.64746233306319,54.969568921981114,57.744466010519815,58.97810797702055,109
136.66666666666666,20.0,53.66972387180624,52.9713836906559,57.744466010519815,58.97810797702055,110
136.66666666666666,21.666666666666668,51.97389955508023,51.75472779810684,57.744466010519815,58.97810797702055,111
136.66666666666666,23.333333333333336,50.58530124488958,51.52110833914427,57.744466010519815,58.97810797702055,112
136.66666666666666,25.0,50.90709228263271,52.02430609038418,57.744466010519815,58.97810797702055,113
136.66666666666666,26.666666666666668,53.50766028139248,52.93581493173485,57.744466010519815,58.97810797702055,114
136.66666666666666,28.333333333333336,54.873790198600986,54.01011903983533,57.744466010519815,58.97810797702055,115
136.66666666666666,30.0,54.48507421985638,55.080407663888536,57.744466010519815,58.97810797702055,116
136.66666666666666,31.666666666666668,58.11170836793482,56.02206751259396,57.744466010519815,58.97810797702055,117
136.66666666666666,33.333333333333336,56.795064861054016,56.73859695024199,57.744466010519815,58.97810797702055,118
136.66666666666666,35.0,58.16079108247654,57.163726377411194,57.744466010519815,58.97810797702055,119
136.66666666666666,36.66666666666667,57.662109963700075,57.26561944625838,57.744466010519815,58.97810797702055,120
136.66666666666666,38.333333333333336,58.182729496505786,57.045059432700924,57.744466010519815,58.97810797702055,121
136.66666666666666,40.0,54.67582666989954,56.50910664469102,57.744466010519815,58.97810797702055,122
136.66666666666666,41.66666666666667,57.45322184513203,55.70286376239442,57.744466010519815,58.97810797702055,123
136.66666666666666,43.333333333333336,55.66883410021892,54.69143089390481,57.744466010519815,58.97810797702055,124
136.66666666666666,45.0,54.48718693003526,53.54384781716234,57.744466010519815,58.97810797702055,125
140.83333333333334,5.0,54.10188391973018,52.604286047060846,57.744466010519815,58.97810797702055,126
140.83333333333334,6.666666666666667,53.631972868715415,52.889834215893515,57.744466010519815,58.97810797702055,127
140.83333333333334,8.333333333333334,51.76527200945693,53.51958087784164,57.744466010519815,58.97810797702055,128
140.83333333333334,10.0,54.21413775401871,54.90656735083388,57.744466010519815,58.97810797702055,129
140.83333333333334,11.666666666666668,55.75740727627097,57.16067954548005,57.744466010519815,58.97810797702055,130
140.83333333333334,13.333333333333334,58.9035056469515,59.592483758264656,59.592483758264656,58.97810797702055,131
140.83333333333334,15.0,61.506276194719966,60.86725965168455,60.86725965168455,61.506276194719966,132
140.83333333333334,16.666666666666668,61.77047504100824,60.06252391851543,60.86725965168455,61.77047504100824,133
140.83333333333334,18.333333333333336,55.81887158984791,57.62262706251159,60.86725965168455,61.77047504100824,134
140.83333333333334,20.0,53.491150541864144,54.972516441094704,60.86725965168455,61.77047504100824,135
140.83333333333334,21.666666666666668,53.21462362625658,53.29082866609127,60.86725965168455,61.77047504100824,136
140.83333333333334,23.333333333333336,53.37436812687196,52.85308639226333,60.86725965168455,61.77047504100824,137
140.83333333333334,25.0,53.50627030943986,53.313239568516366,60.86725965168455,61.77047504100824,138
140.83333333333334,26.666666666666668,53.43549594133127,54.22334197437918,60.86725965168455,61.77047504100824,139
140.83333333333334,28.333333333333336,55.639961747908856,55.26765427075481,60.86725965168455,61.77047504100824,140
140.83333333333334,30.0,56.5514666800933,56.25404140937623,60.86725965168455,61.77047504100824,141
140.83333333333334,31.666666666666668,56.04318864639519,57.05740767529699,60.86725965168455,61.77047504100824,142
140.83333333333334,33.333333333333336,58.98006222917558,57.593266762355675,60.86725965168455,61.77047504100824,143
140.83333333333334,35.0,55.92863735255861,57.81396186751097,60.86725965168455,61.77047504100824,144
140.83333333333334,36.66666666666667,57.62048724037455,57.70910959019405,60.86725965168455,61.77047504100824,145
140.83333333333334,38.333333333333336,57.16509506127973,57.30065244850079,60.86725965168455,61.77047504100824,146
140.83333333333334,40.0,56.981024127428675,56.61388857544243,60.86725965168455,61.77047504100824,147
140.83333333333334,41.66666666666667,56.77666497755409,55.70717849715107,60.86725965168455,61.77047504100824,148
140.83333333333334,43.333333333333336,53.96716611596418,54.652466773342205,60.86725965168455,61.77047504100824,149
140.83333333333334,45.0,53.296256301953356,53.51854147826693,60.86725965168455,61.77047504100824,150
145.0,5.0,52.27342696645925,51.667929156069306,60.86725965168455,61.77047504100824,151
145.0,6.666666666666667,53.92864175426068,52.04980298561836,60.86725965168455,61.77047504100824,152
145.0,8.333333333333334,52.106964116490545,52.9547679455411,60.86725965168455,61.77047504100824,153
145.0,10.0,55.60125110044875,54.85929955951735,60.86725965168455,61.77047504100824,154
145.0,11.666666666666668,58.04808769452125,57.871057222759134,60.86725965168455,61.77047504100824,155
145.0,13.333333333333334,60.02280685922737,61.14015481558708,61.14015481558708,61.77047504100824,156
145.0,15.0,63.61591351696077,63.04438909789979,63.04438909789979,63.61591351696077,157
145.0,16.666666666666668,61.25012628731768,62.4548906391581,63.04438909789979,63.61591351696077,158
145.0,18.333333333333336,59.83539173581901,59.87175904454705,63.04438909789979,63.61591351696077,159
145.0,20.0,57.131453600321564,56.965741272057116,63.04438909789979,63.61591351696077,160
145.0,21.666666666666668,57.68199855867543,55.11893326182557,63.04438909789979,63.61591351696077,161
145.0,23.333333333333336,53.54074732242037,54.643403463553334,63.04438909789979,63.61591351696077,162
145.0,25.0,55.935317251953265,55.117140231058976,63.04438909789979,63.61591351696077,163
145.0,26.666666666666668,56.31445981653517,56.005162557272264,63.04438909789979,63.61591351696077,164
145.0,28.333333333333336,56.79891148660675,56.942011035264606,63.04438909789979,63.61591351696077,165
145.0,30.0,57.29675466021044,57.724255310331245,63.04438909789979,63.61591351696077,166
145.0,31.666666666666668,59.941544203435306,58.242184449980535,63.04438909789979,63.61591351696077,167
145.0,33.333333333333336,57.72840174237699,58.442834929367855,63.04438909789979,63.61591351696077,168
145.0,35.0,59.2769858284762,58.31719073225251,63.04438909789979,63.61591351696077,169
145.0,36.66666666666667,57.65510789990727,57.89276659368516,63.04438909789979,63.61591351696077,170
145.0,38.333333333333336,58.03429047875851,57.22300581687177,63.04438909789979,63.61591351696077,171
145.0,40.0,57.334309621624435,56.35536983837266,63.04438909789979,63.61591351696077,172
145.0,41.66666666666667,53.52636526252393,55.360164308572294,63.04438909789979,63.61591351696077,173
145.0,43.333333333333336,53.18872101367553,54.311210665081894,63.04438909789979,63.61591351696077,174
145.0,45.0,53.170205631475156,53.26970311435113,63.04438909789979,63.61591351696077,175
149.16666666666666,5.0,50.67039703670319,50.55224709340384,63.04438909789979,63.61591351696077,176
149.16666666666666,6.666666666666667,49.32719168471387,50.98525866042572,63.04438909789979,63.61591351696077,177
149.16666666666666,8.333333333333334,52.55251343424397,52.03733357937771,63.04438909789979,63.61591351696077,178
149.16666666666666,10.0,55.30526739765161,54.172170494888064,63.04438909789979,63.61591351696077,179
149.16666666666666,11.666666666666668,57.401626337133855,57.480194323181045,63.04438909789979,63.61591351696077,180
149.16666666666666,13.333333333333334,61.27490905404649,61.094699004200386,63.04438909789979,63.61591351696077,181
149.16666666666666,15.0,61.92848847518868,63.379566560197084,63.379566560197084,63.61591351696077,182
149.16666666666666,16.666666666666668,64.496643571714,63.19277940419261,63.379566560197084,64.496643571714,183
149.16666666666666,18.333333333333336,63.213263221061034,61.018387094339666,63.379566560197084,64.496643571714,184
149.16666666666666,20.0,61.81618105078107,58.507004681325554,63.379566560197084,64.496643571714,185
149.16666666666666,21.666666666666668,57.22736711810958,57.01644605013304,63.379566560197084,64.496643571714,186
149.16666666666666,23.333333333333336,59.06655537566945,56.82855045231622,63.379566560197084,64.496643571714,187
149.16666666666666,25.0,56.843079846055744,57.48450618198659,63.379566560197084,64.496643571714,188
149.16666666666666,26.666666666666668,58.90883660596079,58.41222879135249,63.379566560197084,64.496643571714,189
149.16666666666666,28.333333333333336,59.356931966830516,59.22222109499364,63.379566560197084,64.496643571714,190
149.16666666666666,30.0,57.897577266704104,59.71351106415728,63.379566560197084,64.496643571714,191
149.16666666666666,31.666666666666668,59.053837190861145,59.810281855994184,63.379566560197084,64.496643571714,192
149.16666666666666,33.333333333333336,59.509904787699114,59.51781835595357,63.379566560197084,64.496643571714,193
149.16666666666666,35.0,58.880046678015646,58.89427541004645,63.379566560197084,64.496643571714,194
149.16666666666666,36.66666666666667,57.483385703788976,58.02726105143414,63.379566560197084,64.496643571714,195
149.16666666666666,38.333333333333336,56.95835822963264,57.013135474998144,63.379566560197084,64.496643571714,196
149.16666666666666,40.0,56.941444765980265,55.92261730210993,63.379566560197084,64.496643571714,197
149.16666666666666,41.66666666666667,56.13446721419993,54.83226247970643,63.379566560197084,64.496643571714,198
149.16666666666666,43.333333333333336,51.0966954800457,53.809268032132735,63.379566560197084,64.496643571714,199
149.16666666666666,45.0,52.253484378591914,52.89866209127897,63.379566560197084,64.496643571714,200
153.33333333333334,5.0,49.507897548969524,49.500842432254146,63.379566560197084,64.496643571714,201
153.33333333333334,6.666666666666667,47.06705225717457,49.92939028709927,63.379566560197084,64.496643571714,202
153.33333333333334,8.333333333333334,51.46542647727768,50.97032409062561,63.379566560197084,64.496643571714,203
153.33333333333334,10.0,54.53311792663972,53.00243962552488,63.379566560197084,64.496643571714,204
153.33333333333334,11.666666666666668,54.43643531188168,56.08959460650852,63.379566560197084,64.496643571714,205
153.33333333333334,13.333333333333334,56.71489446753402,59.49822849580456,63.379566560197084,64.496643571714,206
153.33333333333334,15.0,61.17069509633661,61.85915394473284,63.379566560197084,64.496643571714,207
153.33333333333334,16.666666666666668,63.79108778430545,62.22035518657394,63.379566560197084,64.496643571714,208
153.33333333333334,18.333333333333336,64.25698279264984,60.99088045035245,63.379566560197084,64.496643571714,209
153.33333333333334,20.0,60.024092020725476,59.54715517154413,63.379566560197084,64.496643571714,210
153.33333333333334,21.666666666666668,59.021832311112114,58.99925793071394,63.379566560197084,64.496643571714,211
153.33333333333334,23.333333333333336,58.486092925806666,59.524105060153275,63.379566560197084,64.496643571714,212
153.33333333333334,25.0,61.50414499776975,60.64574600198233,63.379566560197084,64.496643571714,213
153.33333333333334,26.666666666666668,60.88437491845213,61.779759643786704,63.379566560197084,64.496643571714,214
153.33333333333334,28.333333333333336,62.682663168141104,62.516338326593974,63.379566560197084,64.496643571714,215
153.33333333333334,30.0,63.98330732831394,62.65989439303066,63.379566560197084,64.496643571714,216
153.33333333333334,31.666666666666668,62.352777986544524,62.19028102178184,63.379566560197084,64.496643571714,217
153.33333333333334,33.333333333333336,60.029462917845635,61.21161017445169,63.379566560197084,64.496643571714,218
153.33333333333334,35.0,60.3580039258298,59.89446148338692,63.379566560197084,64.496643571714,219
153.33333333333334,36.66666666666667,59.83873781999827,58.42089804680127,63.379566560197084,64.496643571714,220
153.33333333333334,38.333333333333336,58.44241768264434,56.945679191705686,63.379566560197084,64.496643571714,221
153.33333333333334,40.0,53.62964319821318,55.5608602105613,63.379566560197084,64.496643571714,222
153.33333333333334,41.66666666666667,54.920142876248946,54.337175615063195,63.379566560197084,64.496643571714,223
153.33333333333334,43.333333333333336,53.93893891821569,53.320828273739885,63.379566560197084,64.496643571714,224
153.33333333333334,45.0,52.249449329974794,52.529150135088635,63.379566560197084,64.496643571714,225
157.5,5.0,47.46456144664063,48.74746526809,63.379566560197084,64.496643571714,226
157.5,6.666666666666667,48.295735700313436,49.13018720983232,63.379566560197084,64.496643571714,227
157.5,8.333333333333334,49.105904588760595,50.04188655996543,63.379566560197084,64.496643571714,228
157.5,10.0,54.33386044099763,51.742272914436825,63.379566560197084,64.496643571714,229
157.5,11.666666666666668,54.67864471843254,54.27087249275161,63.379566560197084,64.496643571714,230
157.5,13.333333333333334,56.898922664503274,57.11774142521014,63.379566560197084,64.496643571714,231
157.5,15.0,59.92012016332652,59.34476609193433,63.379566560197084,64.496643571714,232
157.5,16.666666666666668,62.103059592074544,60.31659852901356,63.379566560197084,64.496643571714,233
157.5,18.333333333333336,60.407549145297125,60.35573293868133,63.379566560197084,64.496643571714,234
157.5,20.0,61.602063309598236,60.44390273530513,63.379566560197084,64.496643571714,235
157.5,21.666666666666668,62.27182622710239,61.325186854780995,63.379566560197084,64.496643571714,236
157.5,23.333333333333336,62.60460528182235,63.011362685461194,63.379566560197084,64.496643571714,237
157.5,25.0,67.00272434559109,64.97858142962824,64.97858142962824,67.00272434559109,238
157.5,26.666666666666668,67.09113298495996,66.59204923966611,66.59204923966611,67.09113298495996,239
157.5,28.333333333333336,68.91460709737316,67.38065220868975,67.38065220868975,68.91460709737316,240
157.5,30.0,68.96831715151407,67.13800778716576,67.38065220868975,68.96831715151407,241
157.5,31.666666666666668,65.56550771852099,65.92502340732602,67.38065220868975,68.96831715151407,242
157.5,33.333333333333336,63.20668244244462,64.00351323109231,67.38065220868975,68.96831715151407,243
157.5,35.0,61.14773522638191,61.723948912223975,67.38065220868975,68.96831715151407,244
157.5,36.66666666666667,62.22035033046315,59.41382786370071,67.38065220868975,68.96831715151407,245
157.5,38.333333333333336,57.52435415862469,57.3082656666237,67.38065220868975,68.96831715151407,246
157.5,40.0,55.24046979025167,55.5161445158791,67.38065220868975,68.96831715151407,247
157.5,41.66666666666667,56.11834430319859,54.083065650773904,67.38065220868975,68.96831715151407,248
157.5,43.333333333333336,52.33911054355171,53.012632018197806,67.38065220868975,68.96831715151407,249
157.5,45.0,54.71469302463029,52.278645787233,67.38065220868975,68.96831715151407,250
161.66666666666669,5.0,47.81841953358817,48.460894292573656,67.38065220868975,68.96831715151407,251
161.66666666666669,6.666666666666667,49.35209480908986,48.77978293896457,67.38065220868975,68.96831715151407,252
161.66666666666669,8.333333333333334,49.776708726029675,49.5104141355931,67.38065220868975,68.96831715151407,253
161.66666666666669,10.0,51.381732274922896,50.80490932498032,67.38065220868975,68.96831715151407,254
161.66666666666669,11.666666666666668,53.981497564391184,52.69208948668553,67.38065220868975,68.96831715151407,255
161.66666666666669,13.333333333333334,55.964257692104205,54.89712316945139,67.38065220868975,68.96831715151407,256
161.66666666666669,15.0,55.635869531639074,56.925012218895866,67.38065220868975,68.96831715151407,257
161.66666666666669,16.666666666666668,57.38353560173028,58.480689158681514,67.38065220868975,68.96831715151407,258
161.66666666666669,18.333333333333336,59.877988613862385,59.840306265501326,67.38065220868975,68.96831715151407,259
161.66666666666669,20.0,62.67822226340517,61.631974882617165,67.38065220868975,68.96831715151407,260
161.66666666666669,21.666666666666668,63.945930074369,64.24653134399261,67.38065220868975,68.96831715151407,261
161.66666666666669,23.333333333333336,66.89654300010271,67.4952205454118,67.4952205454118,68.96831715151407,262
161.66666666666669,25.0,68.61434108754469,70.72640152580075,70.72640152580075,68.96831715151407,263
161.66666666666669,26.666666666666668,73.89571731047361,73.15592370017114,73.15592370017114,73.89571731047361,264
161.66666666666669,28.333333333333336,74.52906214209882,74.1695704039003,74.1695704039003,74.52906214209882,265
161.66666666666669,30.0,72.40799977986322,73.51695794373397,74.1695704039003,74.52906214209882,266
161.66666666666669,31.666666666666668,71.07199281745969,71.36632067282024,74.1695704039003,74.52906214209882,267
161.66666666666669,33.333333333333336,70.05203339153758,68.20741125034247,74.1695704039003,74.52906214209882,268
161.66666666666669,35.0,64.03096421321027,64.65216794013757,74.1695704039003,74.52906214209882,269
161.66666666666669,36.66666666666667,60.46040035884084,61.23502467836067,74.1695704039003,74.52906214209882,270
161.66666666666669,38.333333333333336,59.20971856816399,58.29738998056255,74.1695704039003,74.52906214209882,271
161.66666666666669,40.0,53.8415547689735,55.95862073968831,74.1695704039003,74.52906214209882,272
161.66666666666669,41.66666666666667,53.85127735996548,54.215096184070845,74.1695704039003,74.52906214209882,273
161.66666666666669,43.333333333333336,52.80371527158034,53.00153853480951,74.1695704039003,74.52906214209882,274
161.66666666666669,45.0,51.36725370232492,52.22971660652369,74.1695704039003,74.52906214209882,275
165.83333333333334,5.0,48.276541357257656,48.70434193362297,74.1695704039003,74.52906214209882,276
165.83333333333334,6.666666666666667,48.60998227607963,48.95741835954535,74.1695704039003,74.52906214209882,277
165.83333333333334,8.333333333333334,49.70750795873621,49.50068209484994,74.1695704039003,74.52906214209882,278
165.83333333333334,10.0,50.19572552696317,50.417175023745216,74.1695704039003,74.52906214209882,279
165.83333333333334,11.666666666666668,52.595278100077586,51.74357916929994,74.1695704039003,74.52906214209882,280
165.83333333333334,13.333333333333334,54.38730792507335,53.39960368777774,74.1695704039003,74.52906214209882,281
165.83333333333334,15.0,55.25513850590958,55.246464568699686,74.1695704039003,74.52906214209882,282
165.83333333333334,16.666666666666668,56.97735053977848,57.28228689275151,74.1695704039003,74.52906214209882,283
165.83333333333334,18.333333333333336,57.14871969418206,59.80092944122272,74.1695704039003,74.52906214209882,284
165.83333333333334,20.0,64.40460872964559,63.211735016895304,74.1695704039003,74.52906214209882,285
165.83333333333334,21.666666666666668,67.93857834739458,67.64682882344687,74.1695704039003,74.52906214209882,286
165.83333333333334,23.333333333333336,72.97053003895887,72.70828129277336,74.1695704039003,74.52906214209882,287
165.83333333333334,25.0,78.78422785698231,77.5281359461277,77.5281359461277,78.78422785698231,288
165.83333333333334,26.666666666666668,80.33226419112992,81.0626078229908,81.0626078229908,80.33226419112992,289
165.83333333333334,28.333333333333336,81.63728508315076,82.46891032067661,82.46891032067661,81.63728508315076,290
165.83333333333334,30.0,82.20065586532216,81.41688313355945,82.46891032067661,82.20065586532216,291
165.83333333333334,31.666666666666668,74.0428178187922,78.20007838774116,82.46891032067661,82.20065586532216,292
165.83333333333334,33.333333333333336,74.55758030833552,73.59207468176676,82.46891032067661,82.20065586532216,293
165.83333333333334,35.0,68.76229193521745,68.53177878794494,82.46891032067661,82.20065586532216,294
165.83333333333334,36.66666666666667,62.160765112489294,63.809232539678284,82.46891032067661,82.20065586532216,295
165.83333333333334,38.333333333333336,58.826788341255266,59.89118752094951,82.46891032067661,82.20065586532216,296
165.83333333333334,40.0,58.08819886611956,56.899981662065834,82.46891032067661,82.20065586532216,297
165.83333333333334,41.66666666666667,53.79870907895666,54.76127873636786,82.46891032067661,82.20065586532216,298
165.83333333333334,43.333333333333336,54.206784619498706,53.31870888741966,82.46891032067661,82.20065586532216,299
165.83333333333334,45.0,52.76157499083472,52.40752373510412,82.46891032067661,82.20065586532216,300
170.0,5.0,49.37708339580884,49.42148583743067,82.46891032067661,82.20065586532216,301
170.0,6.666666666666667,49.45391686621057,49.61143273074107,82.46891032067661,82.20065586532216,302
170.0,8.333333333333334,49.737992693128994,49.97432000394801,82.46891032067661,82.20065586532216,303
170.0,10.0,50.01033683911164,50.56402608243927,82.46891032067661,82.20065586532216,304
170.0,11.666666666666668,51.70524723978406,51.439989284594276,82.46891032067661,82.20065586532216,305
170.0,13.333333333333334,53.658778706337706,52.66133762200991,82.46891032067661,82.20065586532216,306
170.0,15.0,51.8519431512129,54.333346495567305,82.46891032067661,82.20065586532216,307
170.0,16.666666666666668,58.34432577679801,56.67423069451445,82.46891032067661,82.20065586532216,308
170.0,18.333333333333336,62.70386388210786,60.04458826092228,82.46891032067661,82.20065586532216,309
170.0,20.0,62.85772271758182,64.76980497937807,82.46891032067661,82.20065586532216,310
170.0,21.666666666666668,72.26715935680704,70.83208004636803,82.46891032067661,82.20065586532216,311
170.0,23.333333333333336,77.79310413531373,77.64674448716211,82.46891032067661,82.20065586532216,312
170.0,25.0,85.00221779023661,84.09107387885456,84.09107387885456,85.00221779023661,313
170.0,26.666666666666668,88.77318218808243,88.81177301970193,88.81177301970193,88.77318218808243,314
170.0,28.333333333333336,89.42142952963279,90.70193016312585,90.70193016312585,89.42142952963279,315
170.0,30.0,90.14037965421115,89.33365942164443,90.70193016312585,90.14037965421115,316
170.0,31.666666666666668,85.33888069515501,85.12107743345662,90.70193016312585,90.14037965421115,317
170.0,33.333333333333336,79.72390478588703,79.1241795390412,90.70193016312585,90.14037965421115,318
170.0,35.0,71.46250297892733,72.61270364789628,90.70193016312585,90.14037965421115,319
170.0,36.66666666666667,66.47564092204543,66.63272979441552,90.70193016312585,90.14037965421115,320
170.0,38.333333333333336,63.00595575748531,61.77171644203958,90.70193016312585,90.14037965421115,321
170.0,40.0,56.33160309136846,58.14687214892377,90.70193016312585,90.14037965421115,322
170.0,41.66666666666667,56.08855388705376,55.60491355677875,90.70193016312585,90.14037965421115,323
170.0,43.333333333333336,51.963206090664144,53.89323940782573,90.70193016312585,90.14037965421115,324
170.0,45.0,53.93008084977579,52.770388866886265,90.70193016312585,90.14037965421115,325
174.16666666666669,5.0,53.22505196203622,50.451208645606,90.70193016312585,90.14037965421115,326
174.16666666666669,6.666666666666667,48.99230113886816,50.580351030239804,90.70193016312585,90.14037965421115,327
174.16666666666669,8.333333333333334,50.69249679292071,50.7689843253403,90.70193016312585,90.14037965421115,328
174.16666666666669,10.0,51.84992100983803,51.067711972582494,90.70193016312585,90.14037965421115,329
174.16666666666669,11.666666666666668,50.4724373616582,51.56389054138518,90.70193016312585,90.14037965421115,330
174.16666666666669,13.333333333333334,53.63225018355113,52.40646740290277,90.70193016312585,90.14037965421115,331
174.16666666666669,15.0,54.289463780239934,53.8477020099288,90.70193016312585,90.14037965421115,332
174.16666666666669,16.666666666666668,56.02185888916796,56.249676955431674,90.70193016312585,90.14037965421115,333
174.16666666666669,18.333333333333336,61.42904894795131,60.04808566196893,90.70193016312585,90.14037965421115,334
174.16666666666669,20.0,65.88013985883357,65.56250991563374,90.70193016312585,90.14037965421115,335
174.16666666666669,21.666666666666668,75.93517888559607,72.70922545986795,90.70193016312585,90.14037965421115,336
174.16666666666669,23.333333333333336,82.27306055352157,80.77642902343197,90.70193016312585,90.14037965421115,337
174.16666666666669,25.0,88.92070180685788,88.43930148989001,90.70193016312585,90.14037965421115,338
174.16666666666669,26.666666666666668,94.58548677800678,94.09580907169325,94.09580907169325,94.58548677800678,339
174.16666666666669,28.333333333333336,95.18081013264919,96.4276048663341,96.4276048663341,95.18081013264919,340
174.16666666666669,30.0,94.15269213184766,94.92375083977142,96.4276048663341,95.18081013264919,341
174.16666666666669,31.666666666666668,88.98288892216299,90.08063916109793,96.4276048663341,95.18081013264919,342
174.16666666666669,33.333333333333336,83.67166171975131,83.16495649619898,96.4276048663341,95.18081013264919,343
174.16666666666669,35.0,76.06939729839851,75.6855406509528,96.4276048663341,95.18081013264919,344
174.16666666666669,36.66666666666667,67.3196722044802,68.87038645453156,96.4276048663341,95.18081013264919,345
174.16666666666669,38.333333333333336,63.546516945108614,63.38699641523628,96.4276048663341,95.18081013264919,346
174.16666666666669,40.0,59.02817711896929,59.33935013133057,96.4276048663341,95.18081013264919,347
174.16666666666669,41.66666666666667,55.49592156105814,56.50840125637265,96.4276048663341,95.18081013264919,348
174.16666666666669,43.333333333333336,55.00026880092941,54.56703118419318,96.4276048663341,95.18081013264919,349
174.16666666666669,45.0,52.63107167005557,53.21874624365481,96.4276048663341,95.18081013264919,350
178.33333333333334,5.0,50.4529410238422,51.56504076212328,96.4276048663341,95.18081013264919,351
178.33333333333334,6.666666666666667,50.7032308326997,51.637321000685496,96.4276048663341,95.18081013264919,352
178.33333333333334,8.333333333333334,51.65633370639372,51.66273631701663,96.4276048663341,95.18081013264919,353
178.33333333333334,10.0,49.7459229730736,51.698273131774386,96.4276048663341,95.18081013264919,354
178.33333333333334,11.666666666666668,50.778200704181906,51.85354181388032,96.4276048663341,95.18081013264919,355
178.33333333333334,13.333333333333334,52.33684198773589,52.325606824940834,96.4276048663341,95.18081013264919,356
178.33333333333334,15.0,54.07189200449707,53.4372190225906,96.4276048663341,95.18081013264919,357
178.33333333333334,16.666666666666668,55.467430724540236,55.619237643884034,96.4276048663341,95.18081013264919,358
178.33333333333334,18.333333333333336,58.76815255291641,59.34895436794732,96.4276048663341,95.18081013264919,359
178.33333333333334,20.0,62.7970975462868,64.95588699659065,96.4276048663341,95.18081013264919,360
178.33333333333334,21.666666666666668,73.2279761463734,72.34324679311125,96.4276048663341,95.18081013264919,361
178.33333333333334,23.333333333333336,79.4469961472234,80.7636934878053,96.4276048663341,95.18081013264919,362
178.33333333333334,25.0,87.22187503193146,88.82901184067953,96.4276048663341,95.18081013264919,363
178.33333333333334,26.666666666666668,95.59863745921018,94.85424754044378,96.4276048663341,95.59863745921018,364
178.33333333333334,28.333333333333336,96.17445118815553,97.44618845718423,97.44618845718423,96.17445118815553,365
178.33333333333334,30.0,94.48109948428856,96.0575792471155,97.44618845718423,96.17445118815553,366
178.33333333333334,31.666666666666668,91.1234372416252,91.19964810031635,97.44618845718423,96.17445118815553,367
178.33333333333334,33.333333333333336,84.62725836082626,84.1918854410029,97.44618845718423,96.17445118815553,368
178.33333333333334,35.0,76.6906198662347,76.60409358563861,97.44618845718423,96.17445118815553,369
178.33333333333334,36.66666666666667,67.26491982406164,69.7050002599685,97.44618845718423,96.17445118815553,370
178.33333333333334,38.333333333333336,64.10666312139637,64.16977217631151,97.44618845718423,96.17445118815553,371
178.33333333333334,40.0,59.21060851704578,60.082212989510936,97.44618845718423,96.17445118815553,372
178.33333333333334,41.66666666666667,56.230933899256186,57.19105256223141,97.44618845718423,96.17445118815553,373
178.33333333333334,43.333333333333336,55.38986933841628,55.14108324184683,97.44618845718423,96.17445118815553,374
178.33333333333334,45.0,54.031868794208556,53.62189585540049,97.44618845718423,96.17445118815553,375
182.5,5.0,50.36685904295046,52.51775860096515,97.44618845718423,96.17445118815553,376
182.5,6.666666666666667,53.33930105675838,52.54269601048492,97.44618845718423,96.17445118815553,377
182.5,8.333333333333334,51.82512246417885,52.432268501610245,97.44618845718423,96.17445118815553,378
182.5,10.0,51.7192975823629,52.24837394490866,97.44618845718423,96.17445118815553,379
182.5,11.666666666666668,50.80514245378071,52.10980111005876,97.44618845718423,96.17445118815553,380
182.5,13.333333333333334,52.07767822562359,52.225840529921456,97.44618845718423,96.17445118815553,381
182.5,15.0,53.5545657345227,52.92907617336166,97.44618845718423,96.17445118815553,382
182.5,16.666666666666668,53.70974531082327,54.64902757406719,97.44618845718423,96.17445118815553,383
182.5,18.333333333333336,55.82170613073785,57.848652274345625,97.44618845718423,96.17445118815553,384
182.5,20.0,65.35452924545257,62.84509246027768,97.44618845718423,96.17445118815553,385
182.5,21.666666666666668,70.6010734091761,69.55748310165163,97.44618845718423,96.17445118815553,386
182.5,23.333333333333336,77.84791544234623,77.30230843603627,97.44618845718423,96.17445118815553,387
182.5,25.0,86.31042988075534,84.80031377986552,97.44618845718423,96.17445118815553,388
182.5,26.666666666666668,89.42068192664804,90.49172335189272,97.44618845718423,96.17445118815553,389
182.5,28.333333333333336,92.33799047071179,93.07929143759432,97.44618845718423,96.17445118815553,390
182.5,30.0,90.71067526175813,92.04136554444666,97.44618845718423,96.17445118815553,391
182.5,31.666666666666668,87.72308223519579,87.82971971253573,97.44618845718423,96.17445118815553,392
182.5,33.333333333333336,85.21621007383044,81.63986319776414,97.44618845718423,96.17445118815553,393
182.5,35.0,76.81895283656806,74.8971876393384,97.44618845718423,96.17445118815553,394
182.5,36.66666666666667,67.93358490065913,68.74952682211371,97.44618845718423,96.17445118815553,395
182.5,38.333333333333336,65.51985034410166,63.79911874261467,97.44618845718423,96.17445118815553,396
182.5,40.0,61.27239793590839,60.10541692941111,97.44618845718423,96.17445118815553,397
182.5,41.66666666666667,59.16722063265249,57.426989811987234,97.44618845718423,96.17445118815553,398
182.5,43.333333333333336,54.661603568707626,55.4357004669029,97.44618845718423,96.17445118815553,399
182.5,45.0,53.919662333650734,53.85377916687436,97.44618845718423,96.17445118815553,400
186.66666666666669,5.0,51.887263106168405,53.1005060247958,97.44618845718423,96.17445118815553,401
186.66666666666669,6.666666666666667,53.15878715988939,53.09490998515908,97.44618845718423,96.17445118815553,402
186.66666666666669,8.333333333333334,53.94201152878743,52.89729434974271,97.44618845718423,96.17445118815553,403
186.66666666666669,10.0,52.32683898371227,52.5680970892828,97.44618845718423,96.17445118815553,404
186.66666666666669,11.666666666666668,52.15740034449882,52.22022575200754,97.44618845718423,96.17445118815553,405
186.66666666666669,13.333333333333334,53.12152917456396,52.046200518104634,97.44618845718423,96.17445118815553,406
186.66666666666669,15.0,51.83155592928737,52.343529875415776,97.44618845718423,96.17445118815553,407
186.66666666666669,16.666666666666668,52.134406955391675,53.48531079062121,97.44618845718423,96.17445118815553,408
186.66666666666669,18.333333333333336,56.639242687219976,55.868036711749355,97.44618845718423,96.17445118815553,409
186.66666666666669,20.0,57.478116887295336,59.76539893474466,97.44618845718423,96.17445118815553,410
186.66666666666669,21.666666666666668,66.64785752073149,65.12432335780137,97.44618845718423,96.17445118815553,411
186.66666666666669,23.333333333333336,70.12752807605443,71.39921536489136,97.44618845718423,96.17445118815553,412
186.66666666666669,25.0,76.86558344356895,77.55650657825535,97.44618845718423,96.17445118815553,413
186.66666666666669,26.666666666666668,80.62715451391794,82.32852320778316,97.44618845718423,96.17445118815553,414
186.66666666666669,28.333333333333336,86.18781596182129,84.65236805261779,97.44618845718423,96.17445118815553,415
186.66666666666669,30.0,85.66172937252583,84.08560147031857,97.44618845718423,96.17445118815553,416
186.66666666666669,31.666666666666668,81.24717968144363,80.96809987953374,97.44618845718423,96.17445118815553,417
186.66666666666669,33.333333333333336,76.7694446221388,76.23912161416862,97.44618845718423,96.17445118815553,418
186.66666666666669,35.0,72.72274215725734,71.02502087078076,97.44618845718423,96.17445118815553,419
186.66666666666669,36.66666666666667,66.40761627422661,66.2318921849715,97.44618845718423,96.17445118815553,420
186.66666666666669,38.333333333333336,60.70040467191818,62.330650312423565,97.44618845718423,96.17445118815553,421
186.66666666666669,40.0,58.175850374888945,59.35636166083173,97.44618845718423,96.17445118815553,422
186.66666666666669,41.66666666666667,56.3646543037767,57.11175720089979,97.44618845718423,96.17445118815553,423
186.66666666666669,43.333333333333336,52.07043837737446,55.33832057478269,97.44618845718423,96.17445118815553,424
186.66666666666669,45.0,53.259423057421934,53.824730060286754,97.44618845718423,96.17445118815553,425
190.83333333333334,5.0,52.50754613300992,53.18570629213143,97.44618845718423,96.17445118815553,426
190.83333333333334,6.666666666666667,53.55509128796076,53.171945837359544,97.44618845718423,96.17445118815553,427
190.83333333333334,8.333333333333334,52.69736707100679,52.95204497733273,97.44618845718423,96.17445118815553,428
190.83333333333334,10.0,54.043360057472974,52.57810802381509,97.44618845718423,96.17445118815553,429
190.83333333333334,11.666666666666668,51.25417354567868,52.1446562088237,97.44618845718423,96.17445118815553,430
190.83333333333334,13.333333333333334,51.85385018081231,51.8080549185975,97.44618845718423,96.17445118815553,431
190.83333333333334,15.0,52.67399311671099,51.80429516627727,97.44618845718423,96.17445118815553,432
190.83333333333334,16.666666666666668,52.10070023796695,52.41900751742573,97.44618845718423,96.17445118815553,433
190.83333333333334,18.333333333333336,54.02896032072697,53.95214584464717,97.44618845718423,96.17445118815553,434
190.83333333333334,20.0,54.40543819793901,56.61323054682727,97.44618845718423,96.17445118815553,435
190.83333333333334,21.666666666666668,60.3651773473583,60.3759529547181,97.44618845718423,96.17445118815553,436
190.83333333333334,23.333333333333336,64.35680436164841,64.86003439062705,97.44618845718423,96.17445118815553,437
190.83333333333334,25.0,70.43738715391906,69.33359721593398,97.44618845718423,96.17445118815553,438
190.83333333333334,26.666666666666668,72.63306292089092,72.89207835534425,97.44618845718423,96.17445118815553,439
190.83333333333334,28.333333333333336,74.96586647484226,74.76855620675458,97.44618845718423,96.17445118815553,440
190.83333333333334,30.0,76.49440303344431,74.62865982278034,97.44618845718423,96.17445118815553,441
190.83333333333334,31.666666666666668,71.11111005985323,72.68722784720872,97.44618845718423,96.17445118815553,442
190.83333333333334,33.333333333333336,69.69413443888362,69.58219092641542,97.44618845718423,96.17445118815553,443
190.83333333333334,35.0,64.60734048052025,66.08659117350601,97.44618845718423,96.17445118815553,444
190.83333333333334,36.66666666666667,62.219290444611765,62.82347558860197,97.44618845718423,96.17445118815553,445
190.83333333333334,38.333333333333336,59.87642562245464,60.115067147321255,97.44618845718423,96.17445118815553,446
190.83333333333334,40.0,56.92583347614108,57.97631077933057,97.44618845718423,96.17445118815553,447
190.83333333333334,41.66666666666667,57.19058663761352,56.26974708735016,97.44618845718423,96.17445118815553,448
190.83333333333334,43.333333333333336,53.95638788349097,54.82263115213211,97.44618845718423,96.17445118815553,449
190.83333333333334,45.0,53.14054567060853,53.49989526542713,97.44618845718423,96.17445118815553,450
195.0,5.0,52.85511659523879,52.75443000190284,97.44618845718423,96.17445118815553,451
195.0,6.666666666666667,52.60742300833433,52.75616536752332,97.44618845718423,96.17445118815553,452
195.0,8.333333333333334,53.041019162434154,52.58269983722646,97.44618845718423,96.17445118815553,453
195.0,10.0,51.455551432088924,52.2725854391774,97.44618845718423,96.17445118815553,454
195.0,11.666666666666668,53.36969774397623,51.894087899687285,97.44618845718423,96.17445118815553,455
195.0,13.333333333333334,52.17203862537885,51.558253907512764,97.44618845718423,96.17445118815553,456
195.0,15.0,52.128980975670764,51.430832671743566,97.44618845718423,96.17445118815553,457
195.0,16.666666666666668,52.23929835423305,51.70322448944909,97.44618845718423,96.17445118815553,458
195.0,18.333333333333336,52.48302379289012,52.57412033001736,97.44618845718423,96.17445118815553,459
195.0,20.0,54.374993138080484,54.18384258132596,97.44618845718423,96.17445118815553,460
195.0,21.666666666666668,57.17863169267221,56.52337456645869,97.44618845718423,96.17445118815553,461
195.0,23.333333333333336,60.808420363925364,59.36045210002859,97.44618845718423,96.17445118815553,462
195.0,25.0,63.11321228285062,62.24034864208648,97.44618845718423,96.17445118815553,463
195.0,26.666666666666668,64.24709152429574,64.5960769416851,97.44618845718423,96.17445118815553,464
195.0,28.333333333333336,66.53964152640899,65.94036038922893,97.44618845718423,96.17445118815553,465
195.0,30.0,64.92859421758567,66.04894376086455,97.44618845718423,96.17445118815553,466
195.0,31.666666666666668,65.42106393393142,65.03475865288635,97.44618845718423,96.17445118815553,467
195.0,33.333333333333336,63.06845540858449,63.272801916930625,97.44618845718423,96.17445118815553,468
195.0,35.0,61.213303516013845,61.22504357290455,97.44618845718423,96.17445118815553,469
195.0,36.66666666666667,59.205520042262286,59.266358304641294,97.44618845718423,96.17445118815553,470
195.0,38.333333333333336,56.50924538025076,57.591484224734565,97.44618845718423,96.17445118815553,471
195.0,40.0,55.67983772337407,56.20244198775255,97.44618845718423,96.17445118815553,472
195.0,41.66666666666667,54.78322361292636,55.018250710900766,97.44618845718423,96.17445118815553,473
195.0,43.333333333333336,54.18243085631349,53.9423542750943,97.44618845718423,96.17445118815553,474
195.0,45.0,53.38326365713724,52.90323961840414,97.44618845718423,96.17445118815553,475
199.16666666666669,5.0,51.67615663931181,51.89281415151187,97.44618845718423,96.17445118815553,476
199.16666666666669,6.666666666666667,51.214906328916705,51.929845274834825,97.44618845718423,96.17445118815553,477
199.16666666666669,8.333333333333334,53.26140540893274,51.86032276224774,97.44618845718423,96.17445118815553,478
199.16666666666669,10.0,50.34004612483964,51.70634171078075,97.44618845718423,96.17445118815553,479
199.16666666666669,11.666666666666668,54.19835719583595,51.506664249764874,97.44618845718423,96.17445118815553,480
199.16666666666669,13.333333333333334,52.94545461094029,51.32594118519588,97.44618845718423,96.17445118815553,481
199.16666666666669,15.0,51.72999406397681,51.26343661499849,97.44618845718423,96.17445118815553,482
199.16666666666669,16.666666666666668,51.09846422563724,51.42600507937526,97.44618845718423,96.17445118815553,483
199.16666666666669,18.333333333333336,51.818383586824986,51.92367077544593,97.44618845718423,96.17445118815553,484
199.16666666666669,20.0,52.19213487862924,52.83419146572835,97.44618845718423,96.17445118815553,485
199.16666666666669,21.666666666666668,55.597400851001424,54.15344660158119,97.44618845718423,96.17445118815553,486
199.16666666666669,23.333333333333336,56.69352012228511,55.75506467817073,97.44618845718423,96.17445118815553,487
199.16666666666669,25.0,56.98149373830679,57.39046423846215,97.44618845718423,96.17445118815553,488
199.16666666666669,26.666666666666668,58.80844161210673,58.748169043867776,97.44618845718423,96.17445118815553,489
199.16666666666669,28.333333333333336,59.6265436645109,59.55765641077637,97.44618845718423,96.17445118815553,490
199.16666666666669,30.0,59.29753772244757,59.689102583150614,97.44618845718423,96.17445118815553,491
199.16666666666669,31.666666666666668,59.68594317485244,59.19480379883882,97.44618845718423,96.17445118815553,492
199.16666666666669,33.333333333333336,58.04527586921948,58.27033811026159,97.44618845718423,96.17445118815553,493
199.16666666666669,35.0,58.33860464247875,57.161571414960974,97.44618845718423,96.17445118815553,494
199.16666666666669,36.66666666666667,56.52266872926031,56.07148267214496,97.44618845718423,96.17445118815553,495
199.16666666666669,38.333333333333336,54.12409876275827,55.108890282202516,97.44618845718423,96.17445118815553,496
199.16666666666669,40.0,54.70827266006506,54.27069034549373,97.44618845718423,96.17445118815553,497
199.16666666666669,41.66666666666667,55.33441607718681,53.51788119521078,97.44618845718423,96.17445118815553,498
199.16666666666669,43.333333333333336,53.196633390444845,52.80630229324885,97.44618845718423,96.17445118815553,499
199.16666666666669,45.0,51.83711212830659,52.103726044059336,97.44618845718423,96.17445118815553,500
203.33333333333334,5.0,49.57901019660036,50.74499802029711,97.44618845718423,96.17445118815553,501
203.33333333333334,6.666666666666667,50.32476665305871,50.82883889702653,97.44618845718423,96.17445118815553,502
203.33333333333334,8.333333333333334,51.60435244811435,50.89663447726029,97.44618845718423,96.17445118815553,503
203.33333333333334,10.0,51.32380881171541,50.953486961693095,97.44618845718423,96.17445118815553,504
203.33333333333334,11.666666666666668,49.22374618603436,51.0092622396919,97.44618845718423,96.17445118815553,505
203.33333333333334,13.333333333333334,51.70717695856812,51.08636382801659,97.44618845718423,96.17445118815553,506
203.33333333333334,15.0,49.74299772718144,51.22768855202127,97.44618845718423,96.17445118815553,507
203.33333333333334,16.666666666666668,51.607043347561905,51.47224237784671,97.44618845718423,96.17445118815553,508
203.33333333333334,18.333333333333336,51.84541425456504,51.86077183835104,97.44618845718423,96.17445118815553,509
203.33333333333334,20.0,52.62392796983714,52.42036002412546,97.44618845718423,96.17445118815553,510
203.33333333333334,21.666666666666668,53.12713813935053,53.14152273579821,97.44618845718423,96.17445118815553,511
203.33333333333334,23.333333333333336,53.15241585293879,53.95940666728592,97.44618845718423,96.17445118815553,512
203.33333333333334,25.0,54.019089888091244,54.75383854061176,97.44618845718423,96.17445118815553,513
203.33333333333334,26.666666666666668,55.81752226971814,55.37722193995632,97.44618845718423,96.17445118815553,514
203.33333333333334,28.333333333333336,55.64106885010577,55.70346934658397,97.44618845718423,96.17445118815553,515
203.33333333333334,30.0,56.999751753125125,55.67514659871383,97.44618845718423,96.17445118815553,516
203.33333333333334,31.666666666666668,55.24814142806396,55.32325425451883,97.44618845718423,96.17445118815553,517
203.33333333333334,33.333333333333336,55.815099757716446,54.7491204514377,97.44618845718423,96.17445118815553,518
203.33333333333334,35.0,54.283612105370246,54.08040935200309,97.44618845718423,96.17445118815553,519
203.33333333333334,36.66666666666667,53.00178021781276,53.42642717013913,97.44618845718423,96.17445118815553,520
203.33333333333334,38.333333333333336,54.69191644541425,52.85156818981255,97.44618845718423,96.17445118815553,521
203.33333333333334,40.0,51.13398598711244,52.35375439842415,97.44618845718423,96.17445118815553,522
203.33333333333334,41.66666666666667,51.166141901487066,51.91950729705165,97.44618845718423,96.17445118815553,523
203.33333333333334,43.333333333333336,52.41776280031412,51.5322620549115,97.44618845718423,96.17445118815553,524
203.33333333333334,45.0,52.44117027381069,51.17545894534144,97.44618845718423,96.17445118815553,525
207.5,5.0,49.79537107260082,49.54204645651495,97.44618845718423,96.17445118815553,526
207.5,6.666666666666667,49.35968144710586,49.67339790092089,97.44618845718423,96.17445118815553,527
207.5,8.333333333333334,49.68052714004631,49.88038500892844,97.44618845718423,96.17445118815553,528
207.5,10.0,51.431278826352774,50.15289212978089,97.44618845718423,96.17445118815553,529
207.5,11.666666666666668,48.36047179654692,50.47578015319284,97.44618845718423,96.17445118815553,530
207.5,13.333333333333334,48.621642668536296,50.836757481422474,97.44618845718423,96.17445118815553,531
207.5,15.0,50.363449043409325,51.23504508977566,97.44618845718423,96.17445118815553,532
207.5,16.666666666666668,50.21734221980267,51.659653238918736,97.44618845718423,96.17445118815553,533
207.5,18.333333333333336,51.389914403849396,52.10161379124019,97.44618845718423,96.17445118815553,534
207.5,20.0,52.1003389374785,52.550340818610096,97.44618845718423,96.17445118815553,535
207.5,21.666666666666668,52.11725879083172,52.98580675679561,97.44618845718423,96.17445118815553,536
207.5,23.333333333333336,53.25166902608881,53.3718459745359,97.44618845718423,96.17445118815553,537
207.5,25.0,53.328607283037016,53.65664952640114,97.44618845718423,96.17445118815553,538
207.5,26.666666666666668,53.05231510004966,53.78421842986865,97.44618845718423,96.17445118815553,539
207.5,28.333333333333336,53.29986492806113,53.714072749717275,97.44618845718423,96.17445118815553,540
207.5,30.0,53.06686568827509,53.43990894499101,97.44618845718423,96.17445118815553,541
207.5,31.666666666666668,52.10371376751871,52.99669985175465,97.44618845718423,96.17445118815553,542
207.5,33.333333333333336,53.77428227845397,52.4518479756387,97.44618845718423,96.17445118815553,543
207.5,35.0,52.32345160687445,51.88524632649993,97.44618845718423,96.17445118815553,544
207.5,36.66666666666667,50.09493489369159,51.3685920690964,97.44618845718423,96.17445118815553,545
207.5,38.333333333333336,52.68223758840401,50.95079900489005,97.44618845718423,96.17445118815553,546
207.5,40.0,51.19710336621489,50.633935217085686,97.44618845718423,96.17445118815553,547
207.5,41.66666666666667,49.635372556344976,50.41724119296221,97.44618845718423,96.17445118815553,548
207.5,43.333333333333336,50.12788033549422,50.29396548774523,97.44618845718423,96.17445118815553,549
207.5,45.0,48.63657186972479,50.24764753872092,97.44618845718423,96.17445118815553,550
211.66666666666669,5.0,47.56015207181407,48.52138746202691,97.44618845718423,96.17445118815553,551
211.66666666666669,6.666666666666667,47.68117514286447,48.69007495760955,97.44618845718423,96.17445118815553,552
211.66666666666669,8.333333333333334,49.62551147462395,49.00645764853587,97.44618845718423,96.17445118815553,553
211.66666666666669,10.0,51.88367288807433,49.449124401882024,97.44618845718423,96.17445118815553,554
211.66666666666669,11.666666666666668,50.7403410829637,49.984741889434815,97.44618845718423,96.17445118815553,555
211.66666666666669,13.333333333333334,50.88266267503786,50.57656574256219,97.44618845718423,96.17445118815553,556
211.66666666666669,15.0,51.207681068303614,51.19420503022185,97.44618845718423,96.17445118815553,557
211.66666666666669,16.666666666666668,52.71453802544574,51.79399795228029,97.44618845718423,96.17445118815553,558
211.66666666666669,18.333333333333336,53.045773239117956,52.33516000956926,97.44618845718423,96.17445118815553,559
211.66666666666669,20.0,51.614991072371176,52.78234173104707,97.44618845718423,96.17445118815553,560
211.66666666666669,21.666666666666668,51.97904322625043,53.10536756803098,97.44618845718423,96.17445118815553,561
211.66666666666669,23.333333333333336,52.731089344799734,53.27856659435879,97.44618845718423,96.17445118815553,562
211.66666666666669,25.0,54.12313329790389,53.28179534994012,97.44618845718423,96.17445118815553,563
211.66666666666669,26.666666666666668,52.908958860891246,53.104520269258785,97.44618845718423,96.17445118815553,564
211.66666666666669,28.333333333333336,49.86419454857972,52.752063827049135,97.44618845718423,96.17445118815553,565
211.66666666666669,30.0,52.712969509486925,52.25076634740923,97.44618845718423,96.17445118815553,566
211.66666666666669,31.666666666666668,53.48239756701836,51.64837414466586,97.44618845718423,96.17445118815553,567
211.66666666666669,33.333333333333336,51.42634068244977,51.008148101002156,97.44618845718423,96.17445118815553,568
211.66666666666669,35.0,49.71509877369129,50.39852650073838,97.44618845718423,96.17445118815553,569
211.66666666666669,36.66666666666667,50.42103860899112,49.882220639719016,97.44618845718423,96.17445118815553,570
211.66666666666669,38.333333333333336,50.44185580301733,49.506336818254816,97.44618845718423,96.17445118815553,571
211.66666666666669,40.0,49.591868297969114,49.27689871024383,97.44618845718423,96.17445118815553,572
211.66666666666669,41.66666666666667,48.91627335160056,49.19793529221134,97.44618845718423,96.17445118815553,573
211.66666666666669,43.333333333333336,47.478385169191505,49.26343336831672,97.44618845718423,96.17445118815553,574
211.66666666666669,45.0,50.88441765652806,49.450989376530515,97.44618845718423,96.17445118815553,575
215.83333333333334,5.0,46.9281426047629,47.86867578370551,97.44618845718423,96.17445118815553,576
215.83333333333334,6.666666666666667,49.169279108780756,48.05600335959783,97.44618845718423,96.17445118815553,577
215.83333333333334,8.333333333333334,47.39223786257506,48.427190755756016,97.44618845718423,96.17445118815553,578
215.83333333333334,10.0,47.53224310903729,48.95512874237768,97.44618845718423,96.17445118815553,579
215.83333333333334,11.666666666666668,52.39220654973095,49.59738294265889,97.44618845718423,96.17445118815553,580
215.83333333333334,13.333333333333334,48.404079703593446,50.305110989741706,97.44618845718423,96.17445118815553,581
215.83333333333334,15.0,51.54367276562233,51.03347272228581,97.44618845718423,96.17445118815553,582
215.83333333333334,16.666666666666668,51.15236825875564,51.72308964432778,97.44618845718423,96.17445118815553,583
215.83333333333334,18.333333333333336,54.01706826767025,52.318013744266175,97.44618845718423,96.17445118815553,584
215.83333333333334,20.0,52.666917529448476,52.770997248514796,97.44618845718423,96.17445118815553,585
215.83333333333334,21.666666666666668,53.189377057217854,53.0464487225087,97.44618845718423,96.17445118815553,586
215.83333333333334,23.333333333333336,55.511666606339524,53.12232777006925,97.44618845718423,96.17445118815553,587
215.83333333333334,25.0,52.61633924851227,52.991508066810454,97.44618845718423,96.17445118815553,588
215.83333333333334,26.666666666666668,52.59144531104643,52.66301172240089,97.44618845718423,96.17445118815553,589
215.83333333333334,28.333333333333336,52.7991850588836,52.16288941033381,97.44618845718423,96.17445118815553,590
215.83333333333334,30.0,50.32794949223242,51.53383457850905,97.44618845718423,96.17445118815553,591
215.83333333333334,31.666666666666668,51.3314618499793,50.83251007705511,97.44618845718423,96.17445118815553,592
215.83333333333334,33.333333333333336,49.380607252856336,50.124274188408144,97.44618845718423,96.17445118815553,593
215.83333333333334,35.0,50.76639137097187,49.47608027094636,97.44618845718423,96.17445118815553,594
215.83333333333334,36.66666666666667,49.10754569152456,48.94902956652557,97.44618845718423,96.17445118815553,595
215.83333333333334,38.333333333333336,46.61594119001673,48.59019516619005,97.44618845718423,96.17445118815553,596
215.83333333333334,40.0,47.5508091724873,48.40667502599518,97.44618845718423,96.17445118815553,597
215.83333333333334,41.66666666666667,47.097304787083814,48.40298685823101,97.44618845718423,96.17445118815553,598
215.83333333333334,43.333333333333336,49.91092002176809,48.571399935530266,97.44618845718423,96.17445118815553,599
215.83333333333334,45.0,47.78929970098176,48.88482320222375,97.44618845718423,96.17445118815553,600
220.0,5.0,48.785017363019364,47.67731849829077,97.44618845718423,96.17445118815553,601
220.0,6.666666666666667,46.99569854484994,47.86026861977726,97.44618845718423,96.17445118815553,602
220.0,8.333333333333334,48.234497586861245,48.21911708302819,97.44618845718423,96.17445118815553,603
220.0,10.0,48.754142896979005,48.7274470481185,97.44618845718423,96.17445118815553,604
220.0,11.666666666666668,51.47452348629547,49.34386339000331,97.44618845718423,96.17445118815553,605
220.0,13.333333333333334,48.92856299242714,50.02065586655696,97.44618845718423,96.17445118815553,606
220.0,15.0,50.4403990931951,50.713944756345846,97.44618845718423,96.17445118815553,607
220.0,16.666666666666668,50.088961728145584,51.36498272911618,97.44618845718423,96.17445118815553,608
220.0,18.333333333333336,56.05328809215323,51.91822670860364,97.44618845718423,96.17445118815553,609
220.0,20.0,52.249936667347285,52.327071473309644,97.44618845718423,96.17445118815553,610
220.0,21.666666666666668,53.2119562686305,52.55753776121404,97.44618845718423,96.17445118815553,611
220.0,23.333333333333336,51.960198878866315,52.59079988117138,97.44618845718423,96.17445118815553,612
220.0,25.0,53.16676568610851,52.42455987891513,97.44618845718423,96.17445118815553,613
220.0,26.666666666666668,52.699952166717296,52.07333614540886,97.44618845718423,96.17445118815553,614
220.0,28.333333333333336,51.00870176445684,51.567644179138256,97.44618845718423,96.17445118815553,615
220.0,30.0,51.64302938793349,50.95192060323691,97.44618845718423,96.17445118815553,616
220.0,31.666666666666668,49.870930944071105,50.28105519423175,97.44618845718423,96.17445118815553,617
220.0,33.333333333333336,48.33736701785022,49.6156270153215,97.44618845718423,96.17445118815553,618
220.0,35.0,50.65329296350288,49.01628080950586,97.44618845718423,96.17445118815553,619
220.0,36.66666666666667,49.453084034292786,48.53792356866304,97.44618845718423,96.17445118815553,620
220.0,38.333333333333336,48.219855697546784,48.222669192909294,97.44618845718423,96.17445118815553,621
220.0,40.0,46.07036832579873,48.07428415630624,97.44618845718423,96.17445118815553,622
220.0,41.66666666666667,50.235830807500925,48.09547555603346,97.44618845718423,96.17445118815553,623
220.0,43.333333333333336,47.74881940597961,48.277964700180064,97.44618845718423,96.17445118815553,624
220.0,45.0,47.710913474494824,48.595170900619536,97.44618845718423,96.17445118815553,625
